{"stats":{"minecraft:killed_by":{"minecraft:player":5,"minecraft:wither_skeleton":1,"minecraft:slime":1},"minecraft:killed":{"minecraft:slime":3},"minecraft:picked_up":{"minecraft:music_disc_strad":2,"minecraft:ender_chest":2,"minecraft:splash_potion":1,"minecraft:light_blue_concrete":56,"minecraft:purple_wool":8,"minecraft:chicken":34,"minecraft:redstone_lamp":6,"minecraft:yellow_wool":16,"minecraft:pink_wool":4,"minecraft:enchanted_book":11,"minecraft:blue_concrete":32,"minecraft:music_disc_cat":2,"minecraft:orange_concrete":40,"minecraft:iron_axe":1,"minecraft:sticky_piston":6,"minecraft:netherite_ingot":3,"minecraft:magenta_wool":16,"minecraft:comparator":2,"minecraft:netherite_sword":1,"minecraft:beef":13,"minecraft:red_dye":8,"minecraft:observer":2,"minecraft:iron_pickaxe":1,"minecraft:egg":16,"minecraft:piston":6,"minecraft:orange_dye":16,"minecraft:music_disc_blocks":3,"minecraft:gray_dye":8,"minecraft:porkchop":16,"minecraft:netherite_shovel":1,"minecraft:honeycomb_block":2,"minecraft:music_disc_11":2,"minecraft:music_disc_pigstep":2,"minecraft:trident":1,"minecraft:redstone":31,"minecraft:brown_dye":12,"minecraft:black_dye":8,"minecraft:tnt":6,"minecraft:arrow":35,"minecraft:honey_bottle":7,"minecraft:light_blue_wool":8,"minecraft:music_disc_ward":1,"minecraft:blue_dye":8,"minecraft:carved_pumpkin":7,"minecraft:bookshelf":5,"minecraft:gold_ingot":60,"minecraft:music_disc_wait":2,"minecraft:snowball":16,"minecraft:white_wool":24,"minecraft:enchanting_table":2,"minecraft:purple_dye":16,"minecraft:leather_chestplate":4,"minecraft:repeater":4,"minecraft:music_disc_stal":3,"minecraft:magenta_dye":16,"minecraft:brown_concrete":64,"minecraft:light_gray_dye":16,"minecraft:gray_concrete":55,"minecraft:lapis_lazuli":58,"minecraft:bone":1,"minecraft:apple":1,"minecraft:bow":2,"minecraft:light_blue_dye":16,"minecraft:music_disc_far":3,"minecraft:iron_ingot":45,"minecraft:cooked_chicken":2,"minecraft:glass_bottle":2,"minecraft:cyan_concrete":55,"minecraft:honeycomb":14,"minecraft:purple_concrete":40,"minecraft:music_disc_chirp":1,"minecraft:green_dye":16,"minecraft:book":91,"minecraft:pink_concrete":48,"minecraft:cooked_porkchop":9,"minecraft:pumpkin":8,"minecraft:music_disc_13":4,"minecraft:yellow_concrete":48,"minecraft:lime_concrete":36,"minecraft:dropper":33,"minecraft:sand":1,"minecraft:leather_helmet":1,"minecraft:iron_hoe":1,"minecraft:light_gray_concrete":42,"minecraft:music_disc_mall":1,"minecraft:lime_dye":44,"minecraft:dispenser":9,"minecraft:black_concrete":51,"minecraft:green_concrete":45,"minecraft:diamond":25,"minecraft:netherite_helmet":1,"minecraft:honey_block":1,"minecraft:white_concrete":60,"minecraft:cyan_dye":24,"minecraft:emerald":47,"minecraft:jack_o_lantern":4,"minecraft:magenta_concrete":64,"minecraft:red_concrete":40,"minecraft:coal":1,"minecraft:pink_dye":8},"minecraft:mined":{"minecraft:bookshelf":1,"minecraft:sand":3,"minecraft:yellow_stained_glass":33},"minecraft:used":{"minecraft:trident":4,"minecraft:netherite_sword":2,"minecraft:orange_concrete":17,"minecraft:red_concrete":8,"minecraft:redstone":3,"minecraft:brown_concrete":10,"minecraft:blue_concrete":14,"minecraft:snowball":16,"minecraft:honey_bottle":6,"minecraft:honey_block":1,"minecraft:bookshelf":5,"minecraft:lime_concrete":14,"minecraft:redstone_lamp":3,"minecraft:purple_concrete":8,"minecraft:honeycomb_block":2,"minecraft:bow":1,"minecraft:egg":16,"minecraft:observer":1,"minecraft:dropper":12,"minecraft:white_wool":8,"minecraft:pink_concrete":8,"minecraft:comparator":2,"minecraft:light_blue_concrete":8,"minecraft:tnt":1,"minecraft:yellow_concrete":8,"minecraft:gray_concrete":9,"minecraft:green_concrete":16,"minecraft:cyan_concrete":1,"minecraft:white_concrete":2},"minecraft:custom":{"minecraft:mob_kills":4,"minecraft:leave_game":2,"minecraft:time_since_death":450,"minecraft:sprint_one_cm":107723,"minecraft:walk_one_cm":64352,"minecraft:drop":493,"minecraft:walk_under_water_one_cm":365,"minecraft:sneak_time":736,"minecraft:deaths":10,"minecraft:jump":787,"minecraft:walk_on_water_one_cm":529,"minecraft:play_one_minute":26041,"minecraft:time_since_rest":478,"minecraft:open_enderchest":18,"minecraft:damage_taken":2788,"minecraft:damage_dealt":387,"minecraft:swim_one_cm":656,"minecraft:fly_one_cm":197920,"minecraft:player_kills":1,"minecraft:crouch_one_cm":903,"minecraft:fall_one_cm":20622},"minecraft:dropped":{"minecraft:enchanted_book":11,"minecraft:piston":3,"minecraft:lapis_lazuli":26,"minecraft:glass_bottle":3,"minecraft:cooked_porkchop":1,"minecraft:yellow_concrete":16,"minecraft:cyan_dye":8,"minecraft:book":91,"minecraft:honeycomb":7,"minecraft:music_disc_pigstep":1,"minecraft:music_disc_13":4,"minecraft:music_disc_11":2,"minecraft:emerald":10,"minecraft:gray_concrete":8,"minecraft:blue_dye":8,"minecraft:dispenser":6,"minecraft:light_blue_wool":8,"minecraft:white_concrete":28,"minecraft:gold_nugget":1,"minecraft:music_disc_strad":2,"minecraft:iron_axe":1,"minecraft:music_disc_wait":1,"minecraft:iron_pickaxe":1,"minecraft:black_concrete":19,"minecraft:music_disc_stal":2,"minecraft:music_disc_cat":1,"minecraft:gold_ingot":6,"minecraft:music_disc_blocks":3,"minecraft:brown_dye":8,"minecraft:music_disc_chirp":1,"minecraft:cooked_chicken":2,"minecraft:lime_concrete":6,"minecraft:sticky_piston":4,"minecraft:yellow_wool":8,"minecraft:chicken":34,"minecraft:iron_hoe":1,"minecraft:lime_dye":19,"minecraft:green_concrete":5,"minecraft:music_disc_far":3,"minecraft:light_gray_concrete":10,"minecraft:honey_bottle":1,"minecraft:magenta_concrete":16,"minecraft:light_blue_concrete":8,"minecraft:light_blue_dye":8,"minecraft:leather_chestplate":2,"minecraft:cyan_concrete":23,"minecraft:arrow":34,"minecraft:bow":1,"minecraft:beef":13,"minecraft:magenta_wool":8,"minecraft:enchanting_table":2,"minecraft:brown_concrete":6}},"DataVersion":2586}