{"stats":{"minecraft:custom":{"minecraft:time_since_rest":5939,"minecraft:damage_taken":913,"minecraft:sprint_one_cm":17819,"minecraft:walk_one_cm":59593,"minecraft:mob_kills":1,"minecraft:drop":50,"minecraft:damage_dealt":483,"minecraft:fly_one_cm":10551,"minecraft:crouch_one_cm":2563,"minecraft:play_one_minute":5939,"minecraft:sneak_time":806,"minecraft:jump":78,"minecraft:time_since_death":5939,"minecraft:damage_resisted":1172,"minecraft:fall_one_cm":1167},"minecraft:mined":{"minecraft:yellow_stained_glass":20},"minecraft:used":{"minecraft:iron_block":4,"minecraft:netherite_axe":37,"minecraft:redstone_block":3,"minecraft:written_book":1,"minecraft:lapis_block":4,"minecraft:white_concrete":6},"minecraft:killed":{"minecraft:zombie":1},"minecraft:picked_up":{"minecraft:emerald_block":2,"minecraft:redstone_block":3,"minecraft:creeper_head":1,"minecraft:leather_leggings":1,"minecraft:poisonous_potato":37,"minecraft:potato":29,"minecraft:gold_block":3,"minecraft:dragon_head":1,"minecraft:wither_skeleton_skull":1,"minecraft:diamond_block":3,"minecraft:lapis_block":4,"minecraft:lapis_lazuli":19,"minecraft:leather_helmet":1,"minecraft:elytra":1,"minecraft:iron_axe":1,"minecraft:iron_hoe":1,"minecraft:iron_shovel":1,"minecraft:firework_rocket":13,"minecraft:netherite_ingot":2,"minecraft:diamond_shovel":1,"minecraft:zombie_head":1,"minecraft:stone_shovel":1,"minecraft:diamond":24,"minecraft:stone_axe":1,"minecraft:iron_pickaxe":1,"minecraft:diamond_boots":1,"minecraft:netherite_chestplate":1,"minecraft:iron_block":4,"minecraft:iron_ingot":28,"minecraft:diamond_axe":1,"minecraft:stone_pickaxe":1,"minecraft:golden_apple":7,"minecraft:written_book":1,"minecraft:white_concrete":6,"minecraft:netherite_axe":1,"minecraft:gold_ingot":32,"minecraft:emerald":26,"minecraft:baked_potato":25,"minecraft:enchanted_golden_apple":3,"minecraft:stone_hoe":1,"minecraft:skeleton_skull":1,"minecraft:diamond_hoe":1,"minecraft:diamond_pickaxe":1},"minecraft:dropped":{"minecraft:stone_hoe":1,"minecraft:stone_axe":1,"minecraft:poisonous_potato":37,"minecraft:stone_shovel":1,"minecraft:gold_nugget":4,"minecraft:iron_hoe":1,"minecraft:iron_axe":1,"minecraft:stone_pickaxe":1,"minecraft:iron_shovel":1,"minecraft:iron_pickaxe":1,"minecraft:written_book":1}},"DataVersion":2586}