{"stats":{"minecraft:killed_by":{"minecraft:player":4,"minecraft:wither_skeleton":1,"minecraft:slime":1},"minecraft:picked_up":{"minecraft:leather_chestplate":1,"minecraft:purple_dye":16,"minecraft:purple_wool":8,"minecraft:light_blue_concrete":32,"minecraft:splash_potion":1,"minecraft:repeater":4,"minecraft:yellow_wool":8,"minecraft:redstone_lamp":6,"minecraft:music_disc_stal":1,"minecraft:pink_wool":4,"minecraft:magenta_dye":16,"minecraft:brown_concrete":32,"minecraft:light_gray_dye":16,"minecraft:blue_concrete":24,"minecraft:music_disc_cat":1,"minecraft:gray_concrete":32,"minecraft:orange_concrete":24,"minecraft:sticky_piston":2,"minecraft:bone":1,"minecraft:magenta_wool":8,"minecraft:bow":1,"minecraft:netherite_sword":1,"minecraft:comparator":2,"minecraft:light_blue_dye":16,"minecraft:music_disc_far":1,"minecraft:beef":13,"minecraft:red_dye":8,"minecraft:observer":2,"minecraft:glass_bottle":2,"minecraft:cyan_concrete":24,"minecraft:honeycomb":7,"minecraft:piston":3,"minecraft:green_dye":16,"minecraft:purple_concrete":32,"minecraft:egg":16,"minecraft:pink_concrete":32,"minecraft:music_disc_blocks":1,"minecraft:orange_dye":16,"minecraft:music_disc_13":1,"minecraft:yellow_concrete":24,"minecraft:lime_concrete":24,"minecraft:dropper":24,"minecraft:gray_dye":8,"minecraft:netherite_shovel":1,"minecraft:honeycomb_block":2,"minecraft:music_disc_11":1,"minecraft:music_disc_pigstep":1,"minecraft:trident":1,"minecraft:redstone":31,"minecraft:brown_dye":12,"minecraft:leather_helmet":1,"minecraft:black_dye":8,"minecraft:tnt":6,"minecraft:music_disc_mall":1,"minecraft:light_gray_concrete":24,"minecraft:honey_bottle":6,"minecraft:lime_dye":32,"minecraft:dispenser":3,"minecraft:green_concrete":24,"minecraft:diamond":5,"minecraft:black_concrete":24,"minecraft:netherite_helmet":1,"minecraft:music_disc_ward":1,"minecraft:honey_block":1,"minecraft:blue_dye":8,"minecraft:white_concrete":24,"minecraft:gold_ingot":16,"minecraft:cyan_dye":24,"minecraft:music_disc_wait":2,"minecraft:red_concrete":32,"minecraft:magenta_concrete":40,"minecraft:pink_dye":8,"minecraft:coal":1,"minecraft:snowball":16,"minecraft:white_wool":16},"minecraft:mined":{"minecraft:yellow_stained_glass":17},"minecraft:used":{"minecraft:netherite_sword":2,"minecraft:dropper":12,"minecraft:orange_concrete":9,"minecraft:red_concrete":8,"minecraft:redstone":3,"minecraft:comparator":2,"minecraft:tnt":1,"minecraft:yellow_concrete":8,"minecraft:snowball":16,"minecraft:blue_concrete":6,"minecraft:honey_bottle":6,"minecraft:green_concrete":11,"minecraft:honey_block":1,"minecraft:cyan_concrete":1,"minecraft:honeycomb_block":2,"minecraft:purple_concrete":8,"minecraft:redstone_lamp":3,"minecraft:lime_concrete":14,"minecraft:egg":16,"minecraft:white_concrete":2,"minecraft:observer":1},"minecraft:custom":{"minecraft:play_one_minute":14041,"minecraft:leave_game":2,"minecraft:time_since_death":126,"minecraft:time_since_rest":159,"minecraft:damage_taken":1816,"minecraft:sprint_one_cm":57900,"minecraft:open_enderchest":8,"minecraft:walk_one_cm":35217,"minecraft:drop":81,"minecraft:damage_dealt":274,"minecraft:swim_one_cm":656,"minecraft:fly_one_cm":105713,"minecraft:player_kills":1,"minecraft:crouch_one_cm":698,"minecraft:deaths":7,"minecraft:sneak_time":503,"minecraft:walk_under_water_one_cm":365,"minecraft:jump":413,"minecraft:walk_on_water_one_cm":234,"minecraft:fall_one_cm":9921},"minecraft:dropped":{"minecraft:brown_dye":8,"minecraft:glass_bottle":3,"minecraft:lime_concrete":2,"minecraft:cyan_dye":8,"minecraft:lime_dye":8,"minecraft:music_disc_far":1,"minecraft:music_disc_pigstep":1,"minecraft:magenta_concrete":8,"minecraft:music_disc_11":1,"minecraft:music_disc_13":1,"minecraft:gray_concrete":8,"minecraft:light_blue_dye":8,"minecraft:blue_dye":8,"minecraft:music_disc_wait":1,"minecraft:beef":13,"minecraft:music_disc_stal":1,"minecraft:music_disc_blocks":1}},"DataVersion":2586}