{"stats":{"minecraft:custom":{"minecraft:mob_kills":1,"minecraft:play_one_minute":16231,"minecraft:leave_game":1,"minecraft:time_since_death":429,"minecraft:damage_resisted":1897,"minecraft:time_since_rest":455,"minecraft:sprint_one_cm":47504,"minecraft:damage_taken":2738,"minecraft:walk_one_cm":108063,"minecraft:drop":84,"minecraft:damage_dealt":559,"minecraft:fly_one_cm":77751,"minecraft:open_chest":2,"minecraft:crouch_one_cm":2759,"minecraft:deaths":4,"minecraft:sneak_time":908,"minecraft:jump":227,"minecraft:fall_one_cm":27483},"minecraft:mined":{"minecraft:fire":2,"minecraft:yellow_stained_glass":43},"minecraft:used":{"minecraft:cooked_mutton":1,"minecraft:redstone_block":3,"minecraft:skeleton_spawn_egg":1,"minecraft:birch_fence":1,"minecraft:iron_block":4,"minecraft:netherite_axe":48,"minecraft:written_book":1,"minecraft:skeleton_skull":1,"minecraft:lapis_block":4,"minecraft:gold_block":2,"minecraft:white_concrete":6},"minecraft:killed_by":{"minecraft:vindicator":1,"minecraft:player":1,"minecraft:skeleton":1,"minecraft:creeper":1},"minecraft:killed":{"minecraft:zombie":1},"minecraft:picked_up":{"minecraft:fishing_rod":2,"minecraft:leather_chestplate":1,"minecraft:allium":24,"minecraft:azure_bluet":6,"minecraft:redstone_block":3,"minecraft:creeper_head":2,"minecraft:leather_leggings":2,"minecraft:potato":58,"minecraft:wither_rose":1,"minecraft:gold_block":4,"minecraft:potion":2,"minecraft:dragon_head":2,"minecraft:wither_skeleton_skull":1,"minecraft:lapis_block":4,"minecraft:lapis_lazuli":76,"minecraft:elytra":1,"minecraft:iron_axe":1,"minecraft:cooked_mutton":2,"minecraft:leather_boots":2,"minecraft:birch_fence":1,"minecraft:netherite_ingot":12,"minecraft:iron_shovel":1,"minecraft:zombie_head":2,"minecraft:blue_orchid":15,"minecraft:bow":2,"minecraft:orange_tulip":15,"minecraft:comparator":4,"minecraft:stone_pickaxe":1,"minecraft:iron_ingot":84,"minecraft:white_tulip":14,"minecraft:written_book":1,"minecraft:netherite_axe":2,"minecraft:poppy":12,"minecraft:iron_pickaxe":1,"minecraft:enchanted_golden_apple":6,"minecraft:stone_hoe":1,"minecraft:diamond_hoe":2,"minecraft:emerald_block":4,"minecraft:dandelion":8,"minecraft:poisonous_potato":37,"minecraft:lily_of_the_valley":4,"minecraft:diamond_block":6,"minecraft:leather_helmet":2,"minecraft:skeleton_spawn_egg":1,"minecraft:iron_hoe":1,"minecraft:firework_rocket":26,"minecraft:diamond_shovel":2,"minecraft:arrow":42,"minecraft:diamond_chestplate":2,"minecraft:stone_shovel":1,"minecraft:slime_ball":10,"minecraft:diamond":72,"minecraft:stone_axe":1,"minecraft:green_wool":1,"minecraft:saddle":1,"minecraft:diamond_boots":3,"minecraft:diamond_axe":2,"minecraft:iron_block":4,"minecraft:red_tulip":8,"minecraft:pink_tulip":6,"minecraft:golden_apple":14,"minecraft:white_concrete":6,"minecraft:bread":2,"minecraft:gold_ingot":96,"minecraft:emerald":83,"minecraft:baked_potato":50,"minecraft:netherite_chestplate":2,"minecraft:netherite_hoe":2,"minecraft:skeleton_skull":2,"minecraft:oxeye_daisy":3,"minecraft:diamond_pickaxe":2},"minecraft:broken":{"minecraft:leather_leggings":1},"minecraft:dropped":{"minecraft:stone_hoe":1,"minecraft:white_tulip":7,"minecraft:stone_axe":1,"minecraft:netherite_ingot":6,"minecraft:poisonous_potato":37,"minecraft:stone_shovel":1,"minecraft:orange_tulip":10,"minecraft:iron_hoe":1,"minecraft:azure_bluet":3,"minecraft:poppy":6,"minecraft:allium":12,"minecraft:gold_nugget":6,"minecraft:diamond_boots":1,"minecraft:iron_axe":1,"minecraft:blue_orchid":5,"minecraft:stone_pickaxe":1,"minecraft:iron_pickaxe":1,"minecraft:red_tulip":8,"minecraft:iron_shovel":1,"minecraft:written_book":1}},"DataVersion":2586}