{"stats":{"minecraft:killed_by":{"minecraft:player":1,"minecraft:slime":1},"minecraft:killed":{"minecraft:slime":1,"minecraft:wither_skeleton":1},"minecraft:picked_up":{"minecraft:fishing_rod":1,"minecraft:music_disc_strad":3,"minecraft:light_blue_concrete":8,"minecraft:purple_wool":8,"minecraft:ender_chest":1,"minecraft:chicken":16,"minecraft:yellow_wool":8,"minecraft:pink_wool":12,"minecraft:gold_block":3,"minecraft:enchanted_book":6,"minecraft:blue_concrete":16,"minecraft:lapis_block":1,"minecraft:music_disc_cat":1,"minecraft:iron_axe":3,"minecraft:orange_concrete":8,"minecraft:sticky_piston":4,"minecraft:netherite_ingot":1,"minecraft:iron_shovel":2,"minecraft:magenta_wool":8,"minecraft:netherite_sword":1,"minecraft:beef":13,"minecraft:red_dye":16,"minecraft:cyan_wool":8,"minecraft:iron_pickaxe":2,"minecraft:light_gray_wool":8,"minecraft:piston":6,"minecraft:egg":16,"minecraft:blue_wool":8,"minecraft:lime_wool":8,"minecraft:music_disc_blocks":1,"minecraft:gray_dye":16,"minecraft:white_dye":16,"minecraft:villager_spawn_egg":2,"minecraft:honeycomb_block":2,"minecraft:music_disc_11":3,"minecraft:music_disc_pigstep":3,"minecraft:brown_dye":18,"minecraft:black_dye":16,"minecraft:tnt":7,"minecraft:honey_bottle":6,"minecraft:arrow":42,"minecraft:light_blue_wool":8,"minecraft:music_disc_ward":1,"minecraft:green_wool":8,"minecraft:gold_ingot":16,"minecraft:music_disc_wait":1,"minecraft:snowball":16,"minecraft:white_wool":8,"minecraft:enchanting_table":1,"minecraft:leather_chestplate":1,"minecraft:cooked_beef":8,"minecraft:repeater":8,"minecraft:brown_wool":8,"minecraft:yellow_dye":16,"minecraft:music_disc_stal":3,"minecraft:brown_concrete":16,"minecraft:gray_concrete":16,"minecraft:lapis_lazuli":45,"minecraft:bow":2,"minecraft:light_blue_dye":16,"minecraft:music_disc_far":1,"minecraft:iron_ingot":14,"minecraft:cooked_chicken":7,"minecraft:cyan_concrete":23,"minecraft:honeycomb":14,"minecraft:music_disc_chirp":2,"minecraft:purple_concrete":8,"minecraft:book":28,"minecraft:pink_concrete":8,"minecraft:emerald_block":29,"minecraft:music_disc_13":1,"minecraft:yellow_concrete":16,"minecraft:red_wool":8,"minecraft:lime_concrete":2,"minecraft:diamond_block":5,"minecraft:orange_wool":8,"minecraft:netherite_block":1,"minecraft:iron_hoe":2,"minecraft:light_gray_concrete":24,"minecraft:music_disc_mall":1,"minecraft:lime_dye":30,"minecraft:dispenser":6,"minecraft:green_concrete":5,"minecraft:diamond":20,"minecraft:black_concrete":21,"minecraft:netherite_helmet":2,"minecraft:honey_block":1,"minecraft:white_concrete":22,"minecraft:gray_wool":8,"minecraft:cyan_dye":8,"minecraft:emerald":27,"minecraft:red_concrete":8,"minecraft:black_wool":8,"minecraft:magenta_concrete":24,"minecraft:coal":1,"minecraft:pink_dye":16},"minecraft:used":{"minecraft:ender_chest":2,"minecraft:cooked_chicken":5,"minecraft:snowball":16,"minecraft:honey_bottle":4,"minecraft:honey_block":1,"minecraft:iron_axe":29,"minecraft:pink_wool":9,"minecraft:honeycomb_block":2,"minecraft:purple_concrete":8,"minecraft:bow":10,"minecraft:egg":16,"minecraft:tnt":6,"minecraft:gray_concrete":8,"minecraft:diamond_pickaxe":40,"minecraft:black_concrete":3,"minecraft:light_gray_concrete":4,"minecraft:brown_wool":1,"minecraft:iron_pickaxe":9,"minecraft:magenta_concrete":1,"minecraft:fishing_rod":5,"minecraft:bucket":1},"minecraft:mined":{"minecraft:jungle_leaves":1,"minecraft:pink_wool":1,"minecraft:diamond_block":15,"minecraft:gold_block":3,"minecraft:bookshelf":4,"minecraft:netherite_block":1,"minecraft:glass_pane":3,"minecraft:lapis_block":1,"minecraft:tnt":2,"minecraft:yellow_stained_glass":23,"minecraft:emerald_block":29},"minecraft:custom":{"minecraft:mob_kills":2,"minecraft:leave_game":1,"minecraft:time_since_death":8922,"minecraft:sprint_one_cm":58889,"minecraft:walk_one_cm":60766,"minecraft:drop":70,"minecraft:deaths":2,"minecraft:sneak_time":3110,"minecraft:walk_under_water_one_cm":420,"minecraft:jump":551,"minecraft:walk_on_water_one_cm":1454,"minecraft:play_one_minute":28815,"minecraft:time_since_rest":12507,"minecraft:open_enderchest":5,"minecraft:damage_taken":887,"minecraft:damage_dealt":1124,"minecraft:swim_one_cm":2766,"minecraft:fly_one_cm":104650,"minecraft:player_kills":5,"minecraft:crouch_one_cm":7660,"minecraft:fall_one_cm":14911},"minecraft:dropped":{"minecraft:black_dye":8,"minecraft:lapis_lazuli":13,"minecraft:cooked_beef":8,"minecraft:glass_bottle":2,"minecraft:cyan_dye":8,"minecraft:honeycomb":7,"minecraft:red_wool":8,"minecraft:music_disc_pigstep":2,"minecraft:coal":1,"minecraft:music_disc_11":2,"minecraft:music_disc_13":1,"minecraft:gray_wool":8,"minecraft:yellow_dye":8,"minecraft:repeater":4,"minecraft:brown_wool":7,"minecraft:music_disc_strad":2,"minecraft:gold_nugget":1,"minecraft:music_disc_ward":1,"minecraft:iron_axe":1,"minecraft:red_dye":8,"minecraft:music_disc_wait":1,"minecraft:purple_wool":8,"minecraft:music_disc_stal":2,"minecraft:white_wool":8,"minecraft:gray_dye":8,"minecraft:music_disc_cat":1,"minecraft:green_wool":8,"minecraft:music_disc_blocks":1,"minecraft:brown_dye":10,"minecraft:music_disc_chirp":1,"minecraft:ender_chest":1,"minecraft:pink_dye":8,"minecraft:yellow_wool":8,"minecraft:blue_wool":8,"minecraft:lime_wool":8,"minecraft:orange_concrete":7,"minecraft:light_gray_wool":8,"minecraft:lime_dye":22,"minecraft:music_disc_far":1,"minecraft:light_gray_concrete":2,"minecraft:magenta_concrete":8,"minecraft:orange_wool":8,"minecraft:light_blue_dye":8,"minecraft:cyan_wool":8,"minecraft:music_disc_mall":1,"minecraft:pink_wool":3,"minecraft:white_dye":8,"minecraft:beef":13,"minecraft:magenta_wool":8,"minecraft:black_wool":8}},"DataVersion":2586}