{"stats":{"minecraft:mined":{"minecraft:grass":6,"minecraft:acacia_log":5,"minecraft:grass_block":1,"minecraft:acacia_leaves":8,"minecraft:dirt":2,"biomesoplenty:desert_grass":2,"minecraft:spruce_leaves":9,"minecraft:spruce_log":4,"treechop:chopped_log":4},"minecraft:used":{"minecraft:wooden_axe":24,"minecraft:crafting_table":1,"minecraft:egg":1},"minecraft:crafted":{"minecraft:acacia_planks":12,"minecraft:crafting_table":1,"minecraft:stick":4,"minecraft:wooden_pickaxe":1,"minecraft:wooden_axe":1},"minecraft:killed":{"minecraft:sheep":4,"minecraft:cow":4},"minecraft:picked_up":{"minecraft:leather":4,"minecraft:wheat_seeds":1,"minecraft:acacia_log":5,"minecraft:beef":7,"minecraft:dirt":3,"minecraft:spruce_log":4,"biomesoplenty:wildflower":1,"minecraft:black_wool":1,"minecraft:mutton":6,"minecraft:white_wool":3,"minecraft:egg":1},"minecraft:custom":{"minecraft:time_since_rest":6777,"minecraft:play_one_minute":6777,"minecraft:sprint_one_cm":13167,"minecraft:walk_one_cm":10378,"minecraft:sneak_time":14,"minecraft:mob_kills":8,"minecraft:jump":82,"minecraft:damage_dealt":720,"minecraft:leave_game":1,"minecraft:time_since_death":6777,"minecraft:interact_with_crafting_table":1,"minecraft:fall_one_cm":627,"minecraft:fly_one_cm":15723}},"DataVersion":2586}