{"stats":{"minecraft:custom":{"minecraft:mob_kills":5,"minecraft:traded_with_villager":4,"minecraft:play_one_minute":14120,"minecraft:leave_game":1,"minecraft:time_since_death":7547,"minecraft:damage_resisted":2118,"minecraft:time_since_rest":7592,"minecraft:sprint_one_cm":48190,"minecraft:damage_taken":930,"minecraft:walk_one_cm":47428,"minecraft:drop":27,"minecraft:damage_dealt":1239,"minecraft:player_kills":1,"minecraft:fly_one_cm":75078,"minecraft:talked_to_villager":3,"minecraft:open_chest":1,"minecraft:crouch_one_cm":827,"minecraft:deaths":1,"minecraft:sneak_time":525,"minecraft:aviate_one_cm":117878,"minecraft:jump":223,"minecraft:walk_on_water_one_cm":109,"minecraft:fall_one_cm":19830},"minecraft:mined":{"minecraft:jungle_leaves":1,"minecraft:diamond_block":1,"minecraft:sand":4,"minecraft:yellow_stained_glass":53,"minecraft:emerald_block":1},"minecraft:used":{"minecraft:trident":1,"minecraft:netherite_sword":35,"minecraft:creeper_head":1,"minecraft:tnt":2,"minecraft:birch_fence":1,"minecraft:creeper_spawn_egg":4,"minecraft:apple":1,"minecraft:zombie_head":1,"minecraft:netherite_hoe":2,"minecraft:golden_carrot":1,"minecraft:netherite_pickaxe":5,"minecraft:skeleton_skull":1,"minecraft:cooked_beef":1,"minecraft:jukebox":2},"minecraft:killed_by":{"minecraft:skeleton":1},"minecraft:killed":{"minecraft:vindicator":1,"minecraft:skeleton":1,"minecraft:zombie":2},"minecraft:crafted":{"minecraft:emerald":9,"minecraft:creeper_spawn_egg":4,"minecraft:air":0,"minecraft:diamond":9},"minecraft:picked_up":{"minecraft:iron_chestplate":1,"minecraft:netherite_boots":3,"minecraft:music_disc_strad":1,"minecraft:leather_chestplate":5,"minecraft:azure_bluet":3,"minecraft:cooked_beef":15,"minecraft:creeper_head":2,"minecraft:magma_cream":4,"minecraft:golden_carrot":3,"minecraft:leather_leggings":1,"minecraft:music_disc_stal":2,"minecraft:end_portal_frame":14,"minecraft:skull_banner_pattern":2,"minecraft:dragon_head":2,"minecraft:wither_skeleton_skull":3,"minecraft:music_disc_cat":1,"minecraft:elytra":1,"minecraft:globe_banner_pattern":2,"minecraft:leather_boots":1,"minecraft:birch_fence":1,"minecraft:bone":1,"minecraft:zombie_head":2,"minecraft:creeper_banner_pattern":2,"minecraft:apple":1,"minecraft:gold_nugget":1,"minecraft:netherite_sword":2,"minecraft:music_disc_far":2,"minecraft:beef":13,"minecraft:flower_banner_pattern":2,"minecraft:enchanted_golden_apple":1,"minecraft:phantom_membrane":3,"minecraft:green_dye":8,"minecraft:music_disc_chirp":2,"minecraft:egg":16,"minecraft:ghast_tear":2,"minecraft:mojang_banner_pattern":2,"minecraft:emerald_block":1,"minecraft:music_disc_blocks":2,"minecraft:music_disc_13":1,"minecraft:pumpkin":16,"minecraft:jukebox":2,"minecraft:sand":4,"minecraft:music_disc_11":2,"minecraft:music_disc_pigstep":1,"minecraft:trident":2,"minecraft:netherite_pickaxe":2,"minecraft:fermented_spider_eye":1,"minecraft:diamond_block":3,"minecraft:spider_eye":3,"minecraft:rabbit_foot":2,"minecraft:leather_helmet":3,"minecraft:tnt":8,"minecraft:skeleton_spawn_egg":2,"minecraft:zombie_spawn_egg":1,"minecraft:firework_rocket":13,"minecraft:music_disc_mall":2,"minecraft:diamond_chestplate":1,"minecraft:rotten_flesh":13,"minecraft:diamond":3,"minecraft:netherite_helmet":1,"minecraft:music_disc_ward":2,"minecraft:carved_pumpkin":14,"minecraft:gold_ingot":4,"minecraft:glistering_melon_slice":2,"minecraft:totem_of_undying":14,"minecraft:jack_o_lantern":8,"minecraft:piglin_banner_pattern":1,"minecraft:music_disc_wait":1,"minecraft:netherite_hoe":2,"minecraft:skeleton_skull":2,"minecraft:snowball":16,"minecraft:blaze_powder":6},"minecraft:dropped":{"minecraft:diamond_block":1,"minecraft:rotten_flesh":12,"minecraft:creeper_banner_pattern":1,"minecraft:skeleton_spawn_egg":2,"minecraft:rabbit_foot":2,"minecraft:leather_helmet":1,"minecraft:leather_chestplate":1,"minecraft:skull_banner_pattern":1,"minecraft:mojang_banner_pattern":1,"minecraft:leather_boots":1,"minecraft:snowball":16,"minecraft:gold_nugget":2,"minecraft:spider_eye":3,"minecraft:pumpkin":8,"minecraft:phantom_membrane":3,"minecraft:beef":13,"minecraft:glistering_melon_slice":2,"minecraft:globe_banner_pattern":1,"minecraft:magma_cream":4,"minecraft:ghast_tear":2,"minecraft:fermented_spider_eye":1,"minecraft:gold_ingot":4,"minecraft:bone":1,"minecraft:egg":16}},"DataVersion":2586}