{"stats":{"minecraft:custom":{"minecraft:time_since_rest":5897,"minecraft:sprint_one_cm":20679,"minecraft:damage_taken":242,"minecraft:walk_one_cm":18235,"minecraft:mob_kills":2,"minecraft:drop":12,"minecraft:damage_dealt":145,"minecraft:talked_to_villager":1,"minecraft:fly_one_cm":15639,"minecraft:open_chest":1,"minecraft:play_one_minute":5897,"minecraft:crouch_one_cm":289,"minecraft:sneak_time":309,"minecraft:jump":73,"minecraft:time_since_death":5897,"minecraft:walk_on_water_one_cm":109,"minecraft:fall_one_cm":6741},"minecraft:mined":{"minecraft:diamond_block":1,"minecraft:sand":4,"minecraft:yellow_stained_glass":30},"minecraft:used":{"minecraft:netherite_sword":4,"minecraft:apple":1,"minecraft:netherite_hoe":2,"minecraft:golden_carrot":1,"minecraft:netherite_pickaxe":4,"minecraft:jukebox":2},"minecraft:killed":{"minecraft:zombie":2},"minecraft:picked_up":{"minecraft:magma_cream":4,"minecraft:golden_carrot":2,"minecraft:ghast_tear":2,"minecraft:netherite_boots":1,"minecraft:mojang_banner_pattern":1,"minecraft:music_disc_strad":1,"minecraft:leather_chestplate":1,"minecraft:jukebox":2,"minecraft:music_disc_blocks":2,"minecraft:creeper_head":1,"minecraft:pumpkin":8,"minecraft:music_disc_13":1,"minecraft:music_disc_stal":2,"minecraft:sand":4,"minecraft:skull_banner_pattern":1,"minecraft:dragon_head":1,"minecraft:music_disc_11":2,"minecraft:music_disc_pigstep":1,"minecraft:trident":1,"minecraft:fermented_spider_eye":1,"minecraft:wither_skeleton_skull":1,"minecraft:diamond_block":1,"minecraft:netherite_pickaxe":1,"minecraft:spider_eye":3,"minecraft:music_disc_cat":1,"minecraft:rabbit_foot":2,"minecraft:leather_helmet":1,"minecraft:globe_banner_pattern":1,"minecraft:leather_boots":1,"minecraft:music_disc_mall":2,"minecraft:rotten_flesh":12,"minecraft:zombie_head":1,"minecraft:diamond_chestplate":1,"minecraft:creeper_banner_pattern":1,"minecraft:apple":1,"minecraft:music_disc_ward":2,"minecraft:netherite_sword":1,"minecraft:music_disc_far":2,"minecraft:carved_pumpkin":7,"minecraft:flower_banner_pattern":1,"minecraft:glistering_melon_slice":2,"minecraft:totem_of_undying":5,"minecraft:piglin_banner_pattern":1,"minecraft:jack_o_lantern":4,"minecraft:music_disc_wait":1,"minecraft:netherite_hoe":1,"minecraft:phantom_membrane":3,"minecraft:snowball":16,"minecraft:skeleton_skull":1,"minecraft:blaze_powder":3,"minecraft:music_disc_chirp":2,"minecraft:egg":16},"minecraft:dropped":{"minecraft:leather_boots":1,"minecraft:snowball":16,"minecraft:rotten_flesh":11,"minecraft:spider_eye":3,"minecraft:gold_nugget":1,"minecraft:phantom_membrane":3,"minecraft:glistering_melon_slice":2,"minecraft:magma_cream":4,"minecraft:ghast_tear":2,"minecraft:fermented_spider_eye":1,"minecraft:rabbit_foot":2,"minecraft:egg":16}},"DataVersion":2586}