{"stats":{"minecraft:killed_by":{"minecraft:player":1,"minecraft:slime":1},"minecraft:killed":{"minecraft:slime":1,"minecraft:wither_skeleton":1},"minecraft:picked_up":{"minecraft:enchanting_table":1,"minecraft:music_disc_strad":2,"minecraft:purple_wool":8,"minecraft:leather_chestplate":1,"minecraft:light_blue_concrete":8,"minecraft:chicken":16,"minecraft:cooked_beef":8,"minecraft:repeater":8,"minecraft:ender_chest":1,"minecraft:yellow_wool":8,"minecraft:brown_wool":8,"minecraft:yellow_dye":16,"minecraft:music_disc_stal":1,"minecraft:pink_wool":12,"minecraft:enchanted_book":6,"minecraft:brown_concrete":16,"minecraft:blue_concrete":16,"minecraft:music_disc_cat":1,"minecraft:gray_concrete":16,"minecraft:lapis_lazuli":19,"minecraft:orange_concrete":8,"minecraft:iron_axe":3,"minecraft:sticky_piston":4,"minecraft:netherite_ingot":1,"minecraft:iron_shovel":2,"minecraft:magenta_wool":8,"minecraft:bow":1,"minecraft:netherite_sword":1,"minecraft:music_disc_far":1,"minecraft:light_blue_dye":16,"minecraft:iron_ingot":14,"minecraft:beef":13,"minecraft:red_dye":16,"minecraft:cooked_chicken":7,"minecraft:cyan_wool":8,"minecraft:light_gray_wool":8,"minecraft:iron_pickaxe":2,"minecraft:cyan_concrete":23,"minecraft:honeycomb":14,"minecraft:piston":6,"minecraft:music_disc_chirp":2,"minecraft:purple_concrete":8,"minecraft:egg":16,"minecraft:blue_wool":8,"minecraft:lime_wool":8,"minecraft:pink_concrete":8,"minecraft:music_disc_blocks":1,"minecraft:music_disc_13":1,"minecraft:yellow_concrete":16,"minecraft:red_wool":8,"minecraft:lime_concrete":2,"minecraft:gray_dye":16,"minecraft:white_dye":16,"minecraft:honeycomb_block":2,"minecraft:villager_spawn_egg":2,"minecraft:music_disc_11":1,"minecraft:music_disc_pigstep":1,"minecraft:arrow":21,"minecraft:brown_dye":18,"minecraft:orange_wool":8,"minecraft:light_blue_wool":8,"minecraft:green_concrete":5,"minecraft:black_dye":16,"minecraft:music_disc_mall":1,"minecraft:light_gray_concrete":24,"minecraft:tnt":7,"minecraft:iron_hoe":2,"minecraft:honey_bottle":6,"minecraft:lime_dye":16,"minecraft:dispenser":6,"minecraft:diamond":12,"minecraft:black_concrete":21,"minecraft:netherite_helmet":2,"minecraft:music_disc_ward":1,"minecraft:honey_block":1,"minecraft:green_wool":8,"minecraft:gray_wool":8,"minecraft:white_concrete":22,"minecraft:gold_ingot":16,"minecraft:emerald":13,"minecraft:cyan_dye":8,"minecraft:music_disc_wait":1,"minecraft:black_wool":8,"minecraft:magenta_concrete":16,"minecraft:white_wool":8,"minecraft:pink_dye":16,"minecraft:coal":1,"minecraft:snowball":16},"minecraft:used":{"minecraft:ender_chest":2,"minecraft:cooked_chicken":5,"minecraft:tnt":6,"minecraft:gray_concrete":8,"minecraft:snowball":16,"minecraft:honey_bottle":4,"minecraft:honey_block":1,"minecraft:black_concrete":3,"minecraft:light_gray_concrete":4,"minecraft:iron_axe":29,"minecraft:brown_wool":1,"minecraft:bow":10,"minecraft:pink_wool":9,"minecraft:purple_concrete":8,"minecraft:honeycomb_block":2,"minecraft:egg":16},"minecraft:mined":{"minecraft:glass_pane":2,"minecraft:jungle_leaves":1,"minecraft:pink_wool":1,"minecraft:tnt":2,"minecraft:yellow_stained_glass":17},"minecraft:custom":{"minecraft:mob_kills":2,"minecraft:play_one_minute":16919,"minecraft:time_since_death":0,"minecraft:time_since_rest":611,"minecraft:sprint_one_cm":38283,"minecraft:open_enderchest":3,"minecraft:damage_taken":804,"minecraft:walk_one_cm":42151,"minecraft:drop":63,"minecraft:damage_dealt":1003,"minecraft:fly_one_cm":63583,"minecraft:player_kills":4,"minecraft:crouch_one_cm":2294,"minecraft:sneak_time":1519,"minecraft:deaths":2,"minecraft:walk_under_water_one_cm":61,"minecraft:jump":380,"minecraft:walk_on_water_one_cm":693,"minecraft:fall_one_cm":11058},"minecraft:dropped":{"minecraft:brown_dye":10,"minecraft:black_dye":8,"minecraft:music_disc_chirp":1,"minecraft:cooked_beef":8,"minecraft:ender_chest":1,"minecraft:glass_bottle":2,"minecraft:pink_dye":8,"minecraft:cyan_dye":8,"minecraft:yellow_wool":8,"minecraft:lime_wool":8,"minecraft:blue_wool":8,"minecraft:orange_concrete":7,"minecraft:light_gray_wool":8,"minecraft:lime_dye":8,"minecraft:honeycomb":7,"minecraft:red_wool":8,"minecraft:music_disc_far":1,"minecraft:music_disc_pigstep":1,"minecraft:light_gray_concrete":2,"minecraft:magenta_concrete":8,"minecraft:orange_wool":8,"minecraft:coal":1,"minecraft:music_disc_11":1,"minecraft:music_disc_13":1,"minecraft:light_blue_dye":8,"minecraft:gray_wool":8,"minecraft:cyan_wool":8,"minecraft:yellow_dye":8,"minecraft:repeater":4,"minecraft:brown_wool":7,"minecraft:pink_wool":3,"minecraft:music_disc_mall":1,"minecraft:music_disc_strad":1,"minecraft:music_disc_ward":1,"minecraft:gold_nugget":1,"minecraft:white_dye":8,"minecraft:music_disc_wait":1,"minecraft:iron_axe":1,"minecraft:red_dye":8,"minecraft:beef":13,"minecraft:purple_wool":8,"minecraft:white_wool":8,"minecraft:magenta_wool":8,"minecraft:music_disc_stal":1,"minecraft:gray_dye":8,"minecraft:music_disc_cat":1,"minecraft:black_wool":8,"minecraft:green_wool":8,"minecraft:music_disc_blocks":1}},"DataVersion":2586}